kind,name,route_or_method,enabled,status,replacement,reason,live_modified
Web Page,accounts-command-center,accounts-command-center,1,CANDIDATE — after cutover verification,/life_portal/accounts,"Live modified timestamp matches the migration manifest. App source exists; old-route traffic, redirects and workflows still require verification.",2026-08-20 23:57:51.482100
Web Page,accounts-command-center-test,accounts-command-center-test,1,KEEP — no mapped replacement verified,,Not in the embedded-page manifest; unused status and any separate implementation are unverified.,2026-09-26 16:25:33.744537
Web Page,accounts-command-center-test-bhuvan,accounts-command-center-test-Bhuvan,1,KEEP — no mapped replacement verified,,Not in the embedded-page manifest; unused status and any separate implementation are unverified.,2026-09-24 20:29:05.720357
Web Page,accounts-main-dashboard,accounts-main-dashboard,1,KEEP — no mapped replacement verified,,Not in the embedded-page manifest; unused status and any separate implementation are unverified.,2026-07-19 01:43:47.595568
Web Page,all-apporval-test,all-apporval-test,1,KEEP — no mapped replacement verified,,Not in the embedded-page manifest; unused status and any separate implementation are unverified.,2026-08-07 14:19:16.500290
Web Page,all-approvals-dashboard,all-approvals-dashboard,1,KEEP — no mapped replacement verified,,Not in the embedded-page manifest; unused status and any separate implementation are unverified.,2026-07-27 17:41:17.334494
Web Page,appointment-shedular,appointment-shedular,1,CANDIDATE — after cutover verification,/life_portal/appt,"Live modified timestamp matches the migration manifest. App source exists; old-route traffic, redirects and workflows still require verification.",2026-08-14 13:58:57.003983
Web Page,approval-report-safecode,approval-report-safecode,1,KEEP — no mapped replacement verified,,Not in the embedded-page manifest; unused status and any separate implementation are unverified.,2026-09-22 20:27:41.189980
Web Page,approvals-report,approvals-report,1,CANDIDATE — after cutover verification,/life_portal/approvals; /life_portal/approvalsreport,"Live modified timestamp matches the migration manifest. App source exists; old-route traffic, redirects and workflows still require verification.",2026-10-03 13:30:07.502255
Web Page,asset-master,asset-master,1,CANDIDATE — after cutover verification,/life_portal/assets,"Live modified timestamp matches the migration manifest. App source exists; old-route traffic, redirects and workflows still require verification.",2026-09-28 14:59:18.451262
Web Page,asset-master-testing,asset-master-testing,1,KEEP — no mapped replacement verified,,Not in the embedded-page manifest; unused status and any separate implementation are unverified.,2026-08-19 18:48:31.802772
Web Page,audit,audit,1,CANDIDATE — after cutover verification,/life_portal/audit,"Live modified timestamp matches the migration manifest. App source exists; old-route traffic, redirects and workflows still require verification.",2026-08-18 14:40:04.103719
Web Page,b2b-testing,b2b-testing,1,CANDIDATE — after cutover verification,/life_portal/b2b,"Live modified timestamp matches the migration manifest. App source exists; old-route traffic, redirects and workflows still require verification.",2026-10-02 11:17:27.377758
Web Page,bhuvan-approvals-report-test,approvals-report-Test,1,KEEP — no mapped replacement verified,,Not in the embedded-page manifest; unused status and any separate implementation are unverified.,2026-09-21 20:09:48.185375
Web Page,billing,billing,1,KEEP — no mapped replacement verified,,Not in the embedded-page manifest; unused status and any separate implementation are unverified.,2026-09-04 12:07:38.641672
Web Page,billing-safecode,billing-safecode,1,KEEP — no mapped replacement verified,,Not in the embedded-page manifest; unused status and any separate implementation are unverified.,2026-09-23 07:26:22.715708
Web Page,billing-testing,billing-testing,1,KEEP — no mapped replacement verified,,Not in the embedded-page manifest; unused status and any separate implementation are unverified.,2026-09-26 16:27:35.432118
Web Page,billing-v2,billing-v2,1,KEEP — no mapped replacement verified,/life_portal/billing,Separate billing source snapshot exists; its live revision and functional parity were not verified in this audit.,2026-09-27 13:39:32.126589
Web Page,billing-v2-package-other-therapies-test,billing-v2-package-test,1,KEEP — no mapped replacement verified,,Not in the embedded-page manifest; unused status and any separate implementation are unverified.,2026-10-03 14:24:10.560304
Web Page,branch-command-center,branch-command-center,1,CANDIDATE — after cutover verification,/life_portal/bdash,"Live modified timestamp matches the migration manifest. App source exists; old-route traffic, redirects and workflows still require verification.",2026-09-27 17:22:12.272446
Web Page,branch-command-center-backup,branch-command-center-Backup,1,KEEP — no mapped replacement verified,,Not in the embedded-page manifest; unused status and any separate implementation are unverified.,2026-09-18 00:44:08.624287
Web Page,branch-command-center-safecode,branch-command-center-safecode,1,KEEP — no mapped replacement verified,,Not in the embedded-page manifest; unused status and any separate implementation are unverified.,2026-09-05 14:49:09.992819
Web Page,branch-expenditure-entry,branch-expenditure-entry,1,CANDIDATE — after cutover verification,/life_portal/bexp,"Live modified timestamp matches the migration manifest. App source exists; old-route traffic, redirects and workflows still require verification.",2026-09-26 19:24:56.495013
Web Page,branch-expenditure-entry-new-mapping-test,branch-expenditure-entry-map-test,1,KEEP — no mapped replacement verified,,Not in the embedded-page manifest; unused status and any separate implementation are unverified.,2026-09-16 14:58:48.852989
Web Page,branch-home-target,branch-home-target,1,CANDIDATE — after cutover verification,/life_portal/conv,"Live modified timestamp matches the migration manifest. App source exists; old-route traffic, redirects and workflows still require verification.",2026-08-18 19:42:50.920730
Web Page,branch-test,branch-test,1,KEEP — no mapped replacement verified,,Not in the embedded-page manifest; unused status and any separate implementation are unverified.,2026-07-23 09:47:17.860530
Web Page,branch-test-new,branch-test-new,1,KEEP — no mapped replacement verified,,Not in the embedded-page manifest; unused status and any separate implementation are unverified.,2026-08-25 05:41:32.521952
Web Page,branch-visit-report,branch-visit-report,1,KEEP — no mapped replacement verified,,Not in the embedded-page manifest; unused status and any separate implementation are unverified.,2026-09-26 19:20:46.567600
Web Page,call-center-new-report-bhuvan,branch-visit-report-NEW-Bhuvan,1,KEEP — live revision differs,/life_portal/ccvisit,Live page was modified after the recorded migration revision; review and migrate the difference before retirement.,2026-10-05 02:06:25.928460
Web Page,cc-dash-test,cc-dash-test,1,KEEP — no mapped replacement verified,,Not in the embedded-page manifest; unused status and any separate implementation are unverified.,2026-08-22 15:52:35.345386
Web Page,cc-dashboard,cc-dashboard,1,KEEP — no mapped replacement verified,,Not in the embedded-page manifest; unused status and any separate implementation are unverified.,2026-08-05 12:19:36.902013
Web Page,cc-dashboard-bhuvan,CC-Dashboard-Bhuvan,1,KEEP — no mapped replacement verified,,Not in the embedded-page manifest; unused status and any separate implementation are unverified.,2026-09-21 01:52:01.451899
Web Page,cc-dashboard-bhuvan-test,cc-new-dash-Bhuvan,1,KEEP — no mapped replacement verified,,Not in the embedded-page manifest; unused status and any separate implementation are unverified.,2026-10-02 18:25:47.706531
Web Page,cc-lead-form-test,cc-new-dash-lead-form-test,1,KEEP — no mapped replacement verified,,Not in the embedded-page manifest; unused status and any separate implementation are unverified.,2026-10-02 19:06:53.668498
Web Page,cc-lead-walkin-visit-report-bhuvan-test,branch-visit-report-Bhuvan,1,KEEP — no mapped replacement verified,,Not in the embedded-page manifest; unused status and any separate implementation are unverified.,2026-10-01 01:23:18.057121
Web Page,cc-master-report,cc-master-report,1,KEEP — no mapped replacement verified,,Not in the embedded-page manifest; unused status and any separate implementation are unverified.,2026-07-14 17:21:24.263735
Web Page,cc-new-dash,cc-new-dash,1,KEEP — no mapped replacement verified,,Not in the embedded-page manifest; unused status and any separate implementation are unverified.,2026-10-02 13:24:59.105555
Web Page,cc-new-dash-convox-test,cc-new-dash-convox-test,1,KEEP — no mapped replacement verified,,Not in the embedded-page manifest; unused status and any separate implementation are unverified.,2026-09-17 16:55:13.533282
Web Page,cc-new-dash-status-test,cc-new-dash-status-test,1,KEEP — no mapped replacement verified,,Not in the embedded-page manifest; unused status and any separate implementation are unverified.,2026-10-02 16:19:49.997292
Web Page,cc-new-dashboard-bhuvan-oct2,CC-New-Dashboard-Bhuvan-oct2,1,CANDIDATE — after cutover verification,/life_portal/leads,"Live modified timestamp matches the migration manifest. App source exists; old-route traffic, redirects and workflows still require verification.",2026-10-03 20:26:30.330893
Web Page,cc-test,cc-test,1,KEEP — no mapped replacement verified,,Not in the embedded-page manifest; unused status and any separate implementation are unverified.,2026-08-17 07:37:12.104257
Web Page,client-360-bhuvan,client-360-Bhuvan,1,KEEP — no mapped replacement verified,,Not in the embedded-page manifest; unused status and any separate implementation are unverified.,2026-09-17 23:25:25.972122
Web Page,client-info,client-info,1,CANDIDATE — after cutover verification,/life_portal/cliinfo,"Live modified timestamp matches the migration manifest. App source exists; old-route traffic, redirects and workflows still require verification.",2026-09-27 18:27:57.847460
Web Page,client-request-and-complaint-form,client-request-and-complaint-form,1,KEEP — no mapped replacement verified,,Not in the embedded-page manifest; unused status and any separate implementation are unverified.,2026-06-15 01:38:00.250131
Web Page,client-weight-loss-info,client-weight-loss-info,1,CANDIDATE — after cutover verification,/life_portal/wlres,"Live modified timestamp matches the migration manifest. App source exists; old-route traffic, redirects and workflows still require verification.",2026-08-18 17:13:36.399207
Web Page,cluster-head-dashboard,cluster-head-dashboard,1,CANDIDATE — after cutover verification,/life_portal/clusterhome,"Live modified timestamp matches the migration manifest. App source exists; old-route traffic, redirects and workflows still require verification.",2026-08-27 12:45:10.817449
Web Page,contols-command,contols-command,1,CANDIDATE — after cutover verification,/life_portal/control,"Live modified timestamp matches the migration manifest. App source exists; old-route traffic, redirects and workflows still require verification.",2026-08-01 13:15:17.290029
Web Page,conversion-from-package-to-package,package-conversion-p2p,1,KEEP — no mapped replacement verified,,Not in the embedded-page manifest; unused status and any separate implementation are unverified.,2026-06-25 16:04:26.831771
Web Page,conversions-bhuvan-test,package-conversion-C2C-Bhuvan,1,KEEP — no mapped replacement verified,,Not in the embedded-page manifest; unused status and any separate implementation are unverified.,2026-09-24 17:21:40.663743
Web Page,coo-dashboard,coo-dashboard,1,CANDIDATE — after cutover verification,/life_portal/execdash,"Live modified timestamp matches the migration manifest. App source exists; old-route traffic, redirects and workflows still require verification.",2026-08-16 10:57:42.630222
Web Page,data-correction,data-correction,1,CANDIDATE — after cutover verification,/life_portal/data-correction,"Live modified timestamp matches the migration manifest. App source exists; old-route traffic, redirects and workflows still require verification.",2026-09-20 18:53:46.496723
Web Page,data-correction-bhuvan-test,data-correction-Test,1,KEEP — no mapped replacement verified,,Not in the embedded-page manifest; unused status and any separate implementation are unverified.,2026-10-02 16:10:06.661525
Web Page,data-correction-dummy-page,data-correction-dummy,1,KEEP — no mapped replacement verified,,Not in the embedded-page manifest; unused status and any separate implementation are unverified.,2026-10-02 16:41:42.228048
Web Page,dcr-test-rollback-20261002-0230,dcr-test-rollback-20261002-0230,0,KEEP — no mapped replacement verified,,Not in the embedded-page manifest; unused status and any separate implementation are unverified.,2026-10-02 02:14:23.050186
Web Page,employee-sale-master-data,employee-sale-master-data,1,CANDIDATE — after cutover verification,/life_portal/empsale,"Live modified timestamp matches the migration manifest. App source exists; old-route traffic, redirects and workflows still require verification.",2026-09-04 18:48:09.850544
Web Page,employee-sale-test,employee-sale-test,1,KEEP — no mapped replacement verified,,Not in the embedded-page manifest; unused status and any separate implementation are unverified.,2026-07-29 19:47:44.675019
Web Page,enrollment-register-bhuvan,client-info-Enrollment,1,KEEP — no mapped replacement verified,,Not in the embedded-page manifest; unused status and any separate implementation are unverified.,2026-09-22 18:08:54.079037
Web Page,enrollment-register-testing,enrollment-register-testing,1,CANDIDATE — after cutover verification,/life_portal/enrollment-register,"Live modified timestamp matches the migration manifest. App source exists; old-route traffic, redirects and workflows still require verification.",2026-09-28 11:03:40.233081
Web Page,expenditure-test,expenditure-test,1,KEEP — no mapped replacement verified,,Not in the embedded-page manifest; unused status and any separate implementation are unverified.,2026-08-23 18:46:38.662620
Web Page,followup-master,followup-master,1,CANDIDATE — after cutover verification,/life_portal/followup,"Live modified timestamp matches the migration manifest. App source exists; old-route traffic, redirects and workflows still require verification.",2026-09-28 14:55:37.397921
Web Page,glp-programme,glp-programme,1,CANDIDATE — after cutover verification,/life_portal/riseprog,"Live modified timestamp matches the migration manifest. App source exists; old-route traffic, redirects and workflows still require verification.",2026-09-01 12:13:05.827427
Web Page,glp-programme-testing,glp-programme-testing,1,KEEP — no mapped replacement verified,,Not in the embedded-page manifest; unused status and any separate implementation are unverified.,2026-10-03 19:17:22.090339
Web Page,hair-transplantation,hair-transplantation,1,KEEP — no mapped replacement verified,,Not in the embedded-page manifest; unused status and any separate implementation are unverified.,2026-07-02 18:35:48.764641
Web Page,home-block,home-block,1,KEEP — no mapped replacement verified,,Not in the embedded-page manifest; unused status and any separate implementation are unverified.,2026-09-20 01:06:45.295279
Web Page,home-block-backup,home-block-backup,1,KEEP — no mapped replacement verified,,Not in the embedded-page manifest; unused status and any separate implementation are unverified.,2026-09-20 01:03:11.325906
Web Page,home-page-bhuvan,HOME-PAGE-Bhuvan,1,KEEP — no mapped replacement verified,,Not in the embedded-page manifest; unused status and any separate implementation are unverified.,2026-09-18 17:13:42.720561
Web Page,hrms-dashbaord,hrms-dashbaord,1,KEEP — no mapped replacement verified,,Not in the embedded-page manifest; unused status and any separate implementation are unverified.,2026-07-19 08:25:38.017126
Web Page,hrms-dashboard-copy,hrms-dashboard---copy,1,CANDIDATE — after cutover verification,/life_portal/employees; /life_portal/attend; /life_portal/payroll,"Live modified timestamp matches the migration manifest. App source exists; old-route traffic, redirects and workflows still require verification.",2026-09-13 15:54:09.292441
Web Page,it-work-allotment,it-work-allotment,1,KEEP — no mapped replacement verified,,Not in the embedded-page manifest; unused status and any separate implementation are unverified.,2026-08-20 19:35:08.943033
Web Page,knowledge-centre,knowledge-centre,1,CANDIDATE — after cutover verification,/life_portal/hrpol; /life_portal/knowledge,"Live modified timestamp matches the migration manifest. App source exists; old-route traffic, redirects and workflows still require verification.",2026-09-26 19:26:44.171691
Web Page,lead-dashboard,lead-dashboard,1,KEEP — no mapped replacement verified,,Not in the embedded-page manifest; unused status and any separate implementation are unverified.,2026-07-09 06:24:16.193890
Web Page,license-master,license-master,1,KEEP — no mapped replacement verified,,Not in the embedded-page manifest; unused status and any separate implementation are unverified.,2026-08-12 15:03:07.935510
Web Page,life-audit-report,life-audit-report,1,CANDIDATE — after cutover verification,/life_portal/discountaudit,"Live modified timestamp matches the migration manifest. App source exists; old-route traffic, redirects and workflows still require verification.",2026-09-28 14:58:06.576708
Web Page,life-cc-rebuild-—-data-health,life-cc-rebuild-data-health,1,KEEP — no mapped replacement verified,,Not in the embedded-page manifest; unused status and any separate implementation are unverified.,2026-10-05 00:58:51.275845
Web Page,life-coo-dashboard,LIFE-COO-DASHBOARD,1,KEEP — no mapped replacement verified,,Not in the embedded-page manifest; unused status and any separate implementation are unverified.,2026-09-20 04:05:09.674576
Web Page,life-master-report,life-master-report,1,CANDIDATE — after cutover verification,/life_portal/repmaster,"Live modified timestamp matches the migration manifest. App source exists; old-route traffic, redirects and workflows still require verification.",2026-08-12 15:48:08.178415
Web Page,life-portal-home,life-home,1,KEEP — no mapped replacement verified,,Not in the embedded-page manifest; unused status and any separate implementation are unverified.,2026-10-03 13:20:44.164993
Web Page,lineup-files-live,lineup-files,1,KEEP — no mapped replacement verified,,Not in the embedded-page manifest; unused status and any separate implementation are unverified.,2026-09-27 12:14:58.636674
Web Page,loan-decalaration-and-consent-form,loan-decalaration-and-consent-form,1,KEEP — no mapped replacement verified,,Not in the embedded-page manifest; unused status and any separate implementation are unverified.,2026-06-26 12:08:13.054853
Web Page,management-information,management-information,1,KEEP — no mapped replacement verified,,Not in the embedded-page manifest; unused status and any separate implementation are unverified.,2026-08-01 12:10:45.387897
Web Page,master-report,master-report,1,KEEP — no mapped replacement verified,,Not in the embedded-page manifest; unused status and any separate implementation are unverified.,2026-09-29 11:40:33.182088
Web Page,md-dashboard,md-dashboard,1,CANDIDATE — after cutover verification,/life_portal/mis,"Live modified timestamp matches the migration manifest. App source exists; old-route traffic, redirects and workflows still require verification.",2026-09-26 19:25:40.788081
Web Page,md-dashboard-copy,md-dashboard-copy,1,KEEP — no mapped replacement verified,,Not in the embedded-page manifest; unused status and any separate implementation are unverified.,2026-07-31 13:19:35.241253
Web Page,md-test,md-test,1,KEEP — no mapped replacement verified,,Not in the embedded-page manifest; unused status and any separate implementation are unverified.,2026-08-19 19:14:11.361128
Web Page,new-client-registration,new-client-registration,1,CANDIDATE — after cutover verification,/life_portal/clireg,"Live modified timestamp matches the migration manifest. App source exists; old-route traffic, redirects and workflows still require verification.",2026-08-18 14:09:50.126561
Web Page,offer-creation,offer-creation,1,KEEP — no mapped replacement verified,,Not in the embedded-page manifest; unused status and any separate implementation are unverified.,2026-05-30 14:54:13.129359
Web Page,operations-service-module,operations-&-service-module,1,CANDIDATE — after cutover verification,/life_portal/service,"Live modified timestamp matches the migration manifest. App source exists; old-route traffic, redirects and workflows still require verification.",2026-09-29 18:07:42.673251
Web Page,operations-service-module-testing,operations-&-service-module-testing,1,KEEP — no mapped replacement verified,,Not in the embedded-page manifest; unused status and any separate implementation are unverified.,2026-09-30 19:06:41.950936
Web Page,p2p-safecode,p2p-safecode,1,KEEP — no mapped replacement verified,,Not in the embedded-page manifest; unused status and any separate implementation are unverified.,2026-09-03 11:42:36.772327
Web Page,package-conversion-c2c,package-conversion-C2C,1,CANDIDATE — after cutover verification,/life_portal/c2c,"Live modified timestamp matches the migration manifest. App source exists; old-route traffic, redirects and workflows still require verification.",2026-09-26 19:37:52.493427
Web Page,package-conversion-client-to-client,package-conversion-client-to-client,1,KEEP — no mapped replacement verified,,Not in the embedded-page manifest; unused status and any separate implementation are unverified.,2026-06-25 00:29:00.189032
Web Page,package-conversion-for-p2p,package-conversion-for-p2p,1,CANDIDATE — after cutover verification,/life_portal/p2p,"Live modified timestamp matches the migration manifest. App source exists; old-route traffic, redirects and workflows still require verification.",2026-10-03 13:20:43.795084
Web Page,package-conversion-new-look-bhuvan,package-conversion-C2C-new,1,KEEP — no mapped replacement verified,,Not in the embedded-page manifest; unused status and any separate implementation are unverified.,2026-09-23 23:40:56.790509
Web Page,payable-planer-bhu1-t,payables-planner-Bhuvan-T,1,KEEP — no mapped replacement verified,,Not in the embedded-page manifest; unused status and any separate implementation are unverified.,2026-09-24 20:29:06.696204
Web Page,payables-planner,payables-planner,1,CANDIDATE — after cutover verification,/life_portal/payables,"Live modified timestamp matches the migration manifest. App source exists; old-route traffic, redirects and workflows still require verification.",2026-08-18 19:30:14.767258
Web Page,pending-balances-updates,pending-balances-updates,1,CANDIDATE — after cutover verification,/life_portal/pendbal; /life_portal/receivables,"Live modified timestamp matches the migration manifest. App source exists; old-route traffic, redirects and workflows still require verification.",2026-09-18 00:15:57.994469
Web Page,pending-balances-updates-backup,pending-balances-updates-backup,1,KEEP — no mapped replacement verified,,Not in the embedded-page manifest; unused status and any separate implementation are unverified.,2026-09-18 00:15:00.937389
Web Page,pending-balances-updates-bhuvan,pending-balances-updates-Bhuvan,1,KEEP — no mapped replacement verified,,Not in the embedded-page manifest; unused status and any separate implementation are unverified.,2026-09-18 00:04:06.619077
Web Page,price-list,price-list,1,CANDIDATE — after cutover verification,/life_portal/pricelist,"Live modified timestamp matches the migration manifest. App source exists; old-route traffic, redirects and workflows still require verification.",2026-09-26 19:25:18.697344
Web Page,sales-master-data,sales-master-data,1,CANDIDATE — after cutover verification,/life_portal/salemaster,"Live modified timestamp matches the migration manifest. App source exists; old-route traffic, redirects and workflows still require verification.",2026-08-18 17:44:48.747400
Web Page,slimming-demart-report,slimming-&-demart-report,1,KEEP — no mapped replacement verified,,Not in the embedded-page manifest; unused status and any separate implementation are unverified.,2026-09-28 14:56:05.571505
Web Page,stcok-dash-test,stock-dashboard test,1,KEEP — no mapped replacement verified,,Not in the embedded-page manifest; unused status and any separate implementation are unverified.,2026-09-11 00:00:02.276630
Web Page,stoc-dashboard-testing,stoc-dashboard-testing,1,KEEP — no mapped replacement verified,,Not in the embedded-page manifest; unused status and any separate implementation are unverified.,2026-09-15 16:37:42.938818
Web Page,stock-360-reports-bhuvan-t,stores-360-testing-T,1,KEEP — no mapped replacement verified,,Not in the embedded-page manifest; unused status and any separate implementation are unverified.,2026-09-23 08:56:11.497634
Web Page,stock-bhuvan-2609,stock-dashboard-testing-B1,1,KEEP — no mapped replacement verified,,Not in the embedded-page manifest; unused status and any separate implementation are unverified.,2026-09-26 20:44:37.979179
Web Page,stock-dashboard,stock-dashboard,1,CANDIDATE — after cutover verification,/life_portal/stock,"Live modified timestamp matches the migration manifest. App source exists; old-route traffic, redirects and workflows still require verification.",2026-10-03 13:57:07.718180
Web Page,stock-dashboard-original-yaswanth,stock-dashboard-original-yaswanth-,1,KEEP — no mapped replacement verified,,Not in the embedded-page manifest; unused status and any separate implementation are unverified.,2026-10-02 23:44:11.838638
Web Page,stock-dashboard-safecode,stock-dashboard-safecode,1,KEEP — no mapped replacement verified,,Not in the embedded-page manifest; unused status and any separate implementation are unverified.,2026-09-30 17:59:17.344364
Web Page,stock-dashboard-testing,stock-dashboard-testing,1,KEEP — no mapped replacement verified,,Not in the embedded-page manifest; unused status and any separate implementation are unverified.,2026-09-30 12:07:43.537185
Web Page,stock-dashboard-testing-kavya,stock-dashboard-testing-kavya,1,KEEP — no mapped replacement verified,,Not in the embedded-page manifest; unused status and any separate implementation are unverified.,2026-10-02 16:34:13.311730
Web Page,stock-dashboard-v2-safecode,stock-dashboard-v2-safecode,1,KEEP — no mapped replacement verified,,Not in the embedded-page manifest; unused status and any separate implementation are unverified.,2026-09-15 16:10:29.407614
Web Page,stock-ho-dashboard-test,stock-dashboard-Bhuvan test,1,KEEP — no mapped replacement verified,,Not in the embedded-page manifest; unused status and any separate implementation are unverified.,2026-10-01 23:40:27.802617
Web Page,stock-ho-db-bhuvan-test,stock-dashboard-testing-BHUVAN-TEST,1,KEEP — no mapped replacement verified,,Not in the embedded-page manifest; unused status and any separate implementation are unverified.,2026-09-30 18:53:54.348143
Web Page,stores-360,stores-360,1,KEEP — no mapped replacement verified,,Not in the embedded-page manifest; unused status and any separate implementation are unverified.,2026-09-30 12:03:05.772519
Web Page,stores-360-testing,stores-360-testing,1,KEEP — no mapped replacement verified,,Not in the embedded-page manifest; unused status and any separate implementation are unverified.,2026-09-16 17:58:29.289074
Web Page,stores-360-testing-2,stores-360-testing-2,1,CANDIDATE — after cutover verification,/life_portal/stores360,"Live modified timestamp matches the migration manifest. App source exists; old-route traffic, redirects and workflows still require verification.",2026-09-30 12:03:15.847391
Web Page,task-management,task-management,1,CANDIDATE — after cutover verification,/life_portal/tasks,"Live modified timestamp matches the migration manifest. App source exists; old-route traffic, redirects and workflows still require verification.",2026-08-17 17:25:34.069904
Web Page,under-works,under-works,1,KEEP — no mapped replacement verified,,Not in the embedded-page manifest; unused status and any separate implementation are unverified.,2026-09-26 19:22:45.727223
Web Page,v,Documents,1,CANDIDATE — after cutover verification,/life_portal/documents,"Live modified timestamp matches the migration manifest. App source exists; old-route traffic, redirects and workflows still require verification.",2026-09-26 19:47:59.831357
Web Page,yaswanth-approval-test,yaswanth-approval-test,1,KEEP — no mapped replacement verified,,Not in the embedded-page manifest; unused status and any separate implementation are unverified.,2026-09-22 20:23:17.573847
Web Page,zero-session,zero-session,1,KEEP — no mapped replacement verified,,Not in the embedded-page manifest; unused status and any separate implementation are unverified.,2026-09-13 16:49:43.794451
Web Page,zero-session-testing,zero-session-testing,1,KEEP — no mapped replacement verified,,Not in the embedded-page manifest; unused status and any separate implementation are unverified.,2026-09-28 14:55:01.320630
